,images
0,"[[[ 64  76  58]
  [ 61  73  55]
  [ 57  69  51]
  ...
  [ 29 101 108]
  [ 29 101 108]
  [ 29 101 108]]

 [[ 64  76  58]
  [ 60  72  54]
  [ 57  69  51]
  ...
  [ 29 101 108]
  [ 29 101 108]
  [ 29 101 108]]

 [[ 63  75  57]
  [ 60  72  54]
  [ 57  69  51]
  ...
  [ 29 101 108]
  [ 29 101 108]
  [ 29 101 108]]

 ...

 [[ 44  69  43]
  [ 43  68  42]
  [ 42  67  41]
  ...
  [  4  71 132]
  [  8  76 141]
  [ 11  79 144]]

 [[ 43  68  42]
  [ 43  68  42]
  [ 41  66  40]
  ...
  [  2  69 130]
  [  2  70 135]
  [  4  72 137]]

 [[ 43  68  42]
  [ 42  67  41]
  [ 41  66  40]
  ...
  [  1  68 129]
  [  0  68 133]
  [  0  68 133]]]"
1,"[[[10 42 27]
  [ 9 42 26]
  [ 9 42 26]
  ...
  [ 3  5  7]
  [ 3  5  7]
  [ 3  5  7]]

 [[10 43 27]
  [10 43 27]
  [11 44 28]
  ...
  [ 3  5  7]
  [ 3  5  7]
  [ 3  5  7]]

 [[11 45 29]
  [11 45 29]
  [12 46 29]
  ...
  [ 3  5  7]
  [ 3  5  7]
  [ 3  5  7]]

 ...

 [[18 51 35]
  [17 51 35]
  [17 50 35]
  ...
  [ 8 29 19]
  [ 8 30 19]
  [ 8 30 19]]

 [[17 50 35]
  [16 49 34]
  [16 49 34]
  ...
  [ 7 28 18]
  [ 8 29 18]
  [ 8 29 18]]

 [[17 49 34]
  [16 49 34]
  [16 48 34]
  ...
  [ 7 28 18]
  [ 7 28 18]
  [ 7 28 18]]]"
2,"[[[15 47 33]
  [15 48 34]
  [16 49 35]
  ...
  [ 5  8 10]
  [ 5  8 10]
  [ 5  8 10]]

 [[15 48 33]
  [16 49 34]
  [16 49 35]
  ...
  [ 5  8 10]
  [ 5  8 10]
  [ 5  8 10]]

 [[16 49 34]
  [16 49 34]
  [16 50 35]
  ...
  [ 5  8 10]
  [ 5  8 10]
  [ 5  8 10]]

 ...

 [[20 55 41]
  [20 55 41]
  [20 55 41]
  ...
  [ 8 25 25]
  [10 27 27]
  [10 27 27]]

 [[19 54 41]
  [19 54 41]
  [19 54 41]
  ...
  [ 7 24 24]
  [ 9 25 25]
  [ 9 25 25]]

 [[19 53 40]
  [19 53 40]
  [19 53 40]
  ...
  [ 7 23 23]
  [ 8 24 24]
  [ 8 25 25]]]"
3,"[[[10 18 15]
  [10 18 15]
  [ 9 17 15]
  ...
  [ 9 29 19]
  [ 9 29 19]
  [ 9 29 19]]

 [[10 19 16]
  [10 18 16]
  [ 9 17 15]
  ...
  [ 9 29 20]
  [ 9 29 20]
  [ 9 29 20]]

 [[11 19 16]
  [10 19 16]
  [ 9 18 15]
  ...
  [ 9 30 20]
  [ 9 30 20]
  [ 9 30 20]]

 ...

 [[11 32 20]
  [11 32 19]
  [12 33 20]
  ...
  [14 44 32]
  [14 44 32]
  [14 44 32]]

 [[11 31 19]
  [11 31 19]
  [12 32 20]
  ...
  [14 42 32]
  [14 42 32]
  [14 42 32]]

 [[11 31 19]
  [11 31 19]
  [11 31 19]
  ...
  [14 42 32]
  [13 42 31]
  [13 42 31]]]"
4,"[[[ 9  9  9]
  [ 9  9  9]
  [ 9  9  9]
  ...
  [10 10 10]
  [10 10 10]
  [10 10 10]]

 [[ 9  9  9]
  [ 9  9  9]
  [ 9  9  9]
  ...
  [10 10 10]
  [10 10 10]
  [10 10 10]]

 [[ 9  9  9]
  [ 9  9  9]
  [ 9  9  9]
  ...
  [10 10 10]
  [10 10 10]
  [10 10 10]]

 ...

 [[ 8  8  8]
  [ 8  8  8]
  [ 8  8  8]
  ...
  [ 9  9  9]
  [ 9  9  9]
  [ 9  9  9]]

 [[ 8  8  8]
  [ 8  8  8]
  [ 8  8  8]
  ...
  [ 9  9  9]
  [ 9  9  9]
  [ 9  9  9]]

 [[ 8  8  8]
  [ 8  8  8]
  [ 8  8  8]
  ...
  [ 9  9  9]
  [ 9  9  9]
  [ 9  9  9]]]"
5,"[[[25 23 23]
  [25 23 23]
  [25 23 23]
  ...
  [51 58 68]
  [51 58 68]
  [51 58 68]]

 [[27 24 24]
  [27 24 24]
  [27 24 24]
  ...
  [52 59 69]
  [52 59 69]
  [52 59 69]]

 [[30 27 27]
  [30 27 27]
  [30 27 27]
  ...
  [53 60 70]
  [53 60 70]
  [53 60 70]]

 ...

 [[38 45 52]
  [38 45 52]
  [38 45 52]
  ...
  [59 61 65]
  [59 61 65]
  [59 61 65]]

 [[36 43 50]
  [36 43 50]
  [36 43 50]
  ...
  [58 59 64]
  [58 59 64]
  [58 59 64]]

 [[35 41 48]
  [35 41 48]
  [35 41 48]
  ...
  [57 58 63]
  [57 58 63]
  [57 58 63]]]"
6,"[[[8 8 9]
  [8 8 9]
  [8 8 9]
  ...
  [8 8 8]
  [8 8 8]
  [8 8 8]]

 [[8 8 9]
  [8 8 9]
  [8 8 9]
  ...
  [8 8 8]
  [8 8 8]
  [8 8 8]]

 [[8 8 9]
  [8 8 9]
  [8 8 9]
  ...
  [8 8 8]
  [8 8 8]
  [8 8 8]]

 ...

 [[8 8 8]
  [8 8 8]
  [8 8 8]
  ...
  [8 8 8]
  [8 8 8]
  [8 8 8]]

 [[8 8 8]
  [8 8 8]
  [8 8 8]
  ...
  [8 8 8]
  [8 8 8]
  [8 8 8]]

 [[8 8 8]
  [8 8 8]
  [8 8 8]
  ...
  [8 8 8]
  [8 8 8]
  [8 8 8]]]"
7,"[[[18 33 24]
  [18 33 24]
  [18 33 24]
  ...
  [22 33 32]
  [22 33 32]
  [22 33 32]]

 [[18 34 25]
  [18 34 25]
  [18 34 25]
  ...
  [23 34 32]
  [23 34 32]
  [23 34 32]]

 [[18 34 25]
  [18 34 25]
  [18 34 25]
  ...
  [23 34 33]
  [23 34 33]
  [23 34 33]]

 ...

 [[16 17 15]
  [16 17 15]
  [16 17 15]
  ...
  [17 19 17]
  [17 19 17]
  [17 19 17]]

 [[16 16 14]
  [16 16 14]
  [16 16 14]
  ...
  [16 18 16]
  [16 18 16]
  [16 18 16]]

 [[16 16 14]
  [16 16 14]
  [16 16 14]
  ...
  [16 18 16]
  [16 18 16]
  [16 18 16]]]"
8,"[[[33 34 35]
  [33 34 35]
  [33 34 35]
  ...
  [13 27 21]
  [13 27 21]
  [13 27 21]]

 [[33 34 35]
  [33 34 35]
  [33 34 35]
  ...
  [13 28 21]
  [13 28 21]
  [13 28 21]]

 [[34 34 36]
  [34 34 36]
  [34 34 36]
  ...
  [13 28 21]
  [13 28 21]
  [13 28 21]]

 ...

 [[29 36 36]
  [29 36 36]
  [29 36 36]
  ...
  [18 36 31]
  [18 36 31]
  [18 36 31]]

 [[28 36 35]
  [28 36 35]
  [28 36 35]
  ...
  [17 35 31]
  [17 35 31]
  [17 35 31]]

 [[28 35 35]
  [28 35 35]
  [28 35 35]
  ...
  [17 35 30]
  [17 35 30]
  [17 35 30]]]"
9,"[[[ 5  7  9]
  [ 5  7  9]
  [ 5  7  9]
  ...
  [ 0  1  2]
  [ 0  1  2]
  [ 0  1  2]]

 [[ 5  7  9]
  [ 5  7  9]
  [ 5  7  9]
  ...
  [ 0  1  2]
  [ 0  1  2]
  [ 0  1  2]]

 [[ 5  7  9]
  [ 5  7  9]
  [ 5  7  9]
  ...
  [ 0  1  2]
  [ 0  1  2]
  [ 0  1  2]]

 ...

 [[49 55 57]
  [50 57 58]
  [52 58 60]
  ...
  [26 30 32]
  [26 30 32]
  [26 30 32]]

 [[45 52 54]
  [47 54 55]
  [49 56 57]
  ...
  [25 29 32]
  [25 29 32]
  [25 29 32]]

 [[45 51 52]
  [47 53 54]
  [48 55 56]
  ...
  [25 29 32]
  [25 29 32]
  [25 29 32]]]"
10,"[[[76 74 72]
  [76 74 72]
  [76 74 72]
  ...
  [78 77 73]
  [78 77 73]
  [78 77 73]]

 [[77 75 73]
  [77 75 73]
  [77 75 73]
  ...
  [79 78 74]
  [79 78 74]
  [79 78 74]]

 [[78 76 74]
  [78 76 74]
  [78 76 74]
  ...
  [80 79 75]
  [80 79 75]
  [80 79 75]]

 ...

 [[75 73 71]
  [75 73 71]
  [75 73 71]
  ...
  [81 79 76]
  [81 79 76]
  [81 79 76]]

 [[73 71 69]
  [73 71 69]
  [73 71 69]
  ...
  [79 77 74]
  [79 77 74]
  [79 77 74]]

 [[72 70 68]
  [72 70 68]
  [72 70 68]
  ...
  [78 76 74]
  [78 76 74]
  [78 76 74]]]"
11,"[[[119 132 124]
  [ 92 103 100]
  [100 112 114]
  ...
  [ 58  68  78]
  [ 56  68  78]
  [ 56  68  78]]

 [[ 65  78  70]
  [ 87  98  95]
  [102 114 116]
  ...
  [ 66  76  86]
  [ 64  76  86]
  [ 64  76  86]]

 [[ 72  85  77]
  [ 73  84  81]
  [152 164 166]
  ...
  [ 61  71  81]
  [ 59  71  81]
  [ 59  71  81]]

 ...

 [[ 27  69  46]
  [ 33  73  55]
  [ 76 116 105]
  ...
  [ 85 129  93]
  [ 19  59  24]
  [ 50  90  55]]

 [[ 12  58  29]
  [ 22  68  39]
  [ 54  97  70]
  ...
  [ 64 110  64]
  [ 61 107  61]
  [ 58 104  58]]

 [[ 15  62  29]
  [ 20  68  32]
  [ 51  97  61]
  ...
  [ 54 101  52]
  [ 50  99  49]
  [ 47  96  46]]]"
12,"[[[12 15 15]
  [12 15 15]
  [12 15 15]
  ...
  [47 49 57]
  [44 45 54]
  [43 45 53]]

 [[12 15 16]
  [12 15 16]
  [12 15 16]
  ...
  [54 55 64]
  [53 55 63]
  [53 55 63]]

 [[12 16 16]
  [12 16 16]
  [12 16 16]
  ...
  [59 61 69]
  [60 62 70]
  [60 62 70]]

 ...

 [[26 47 44]
  [26 47 44]
  [25 47 44]
  ...
  [28 52 51]
  [29 52 52]
  [29 52 52]]

 [[25 46 43]
  [25 46 43]
  [25 46 43]
  ...
  [29 52 51]
  [29 52 51]
  [29 52 51]]

 [[25 46 43]
  [25 46 43]
  [25 46 43]
  ...
  [29 51 50]
  [29 51 51]
  [29 51 51]]]"
13,"[[[11 11 15]
  [11 11 16]
  [11 12 17]
  ...
  [33 42 59]
  [32 41 58]
  [32 41 58]]

 [[11 12 16]
  [11 11 16]
  [12 12 17]
  ...
  [35 44 62]
  [35 44 61]
  [35 44 61]]

 [[11 12 17]
  [11 12 17]
  [12 13 18]
  ...
  [38 47 65]
  [38 47 64]
  [38 47 64]]

 ...

 [[25 44 48]
  [25 44 49]
  [25 45 49]
  ...
  [42 58 68]
  [42 58 68]
  [42 58 68]]

 [[24 43 47]
  [25 43 48]
  [25 44 48]
  ...
  [41 56 67]
  [41 56 67]
  [41 56 66]]

 [[24 43 47]
  [24 43 47]
  [25 43 48]
  ...
  [41 55 66]
  [40 55 65]
  [40 55 65]]]"
14,"[[[58 56 33]
  [58 56 33]
  [58 56 33]
  ...
  [58 56 33]
  [58 56 33]
  [58 56 33]]

 [[58 56 33]
  [58 56 33]
  [58 56 33]
  ...
  [58 56 33]
  [58 56 33]
  [58 56 33]]

 [[58 56 33]
  [58 56 33]
  [58 56 33]
  ...
  [58 56 33]
  [58 56 33]
  [58 56 33]]

 ...

 [[34 35 36]
  [35 36 37]
  [34 35 36]
  ...
  [34 35 36]
  [35 36 37]
  [36 37 38]]

 [[35 36 37]
  [35 36 37]
  [34 35 36]
  ...
  [35 36 37]
  [34 35 36]
  [34 35 36]]

 [[34 35 36]
  [34 35 36]
  [35 36 37]
  ...
  [35 36 37]
  [34 35 36]
  [34 35 36]]]"
15,"[[[58 56 33]
  [58 56 33]
  [58 56 33]
  ...
  [58 56 33]
  [58 56 33]
  [58 56 33]]

 [[58 56 33]
  [58 56 33]
  [58 56 33]
  ...
  [58 56 33]
  [58 56 33]
  [58 56 33]]

 [[58 56 33]
  [58 56 33]
  [58 56 33]
  ...
  [58 56 33]
  [58 56 33]
  [58 56 33]]

 ...

 [[34 35 36]
  [35 36 37]
  [34 35 36]
  ...
  [34 35 36]
  [35 36 37]
  [36 37 38]]

 [[35 36 37]
  [35 36 37]
  [34 35 36]
  ...
  [35 36 37]
  [34 35 36]
  [34 35 36]]

 [[34 35 36]
  [34 35 36]
  [35 36 37]
  ...
  [35 36 37]
  [34 35 36]
  [34 35 36]]]"
16,"[[[58 56 33]
  [58 56 33]
  [58 56 33]
  ...
  [58 56 33]
  [58 56 33]
  [58 56 33]]

 [[58 56 33]
  [58 56 33]
  [58 56 33]
  ...
  [58 56 33]
  [58 56 33]
  [58 56 33]]

 [[58 56 33]
  [58 56 33]
  [58 56 33]
  ...
  [58 56 33]
  [58 56 33]
  [58 56 33]]

 ...

 [[34 35 36]
  [35 36 37]
  [34 35 36]
  ...
  [34 35 36]
  [35 36 37]
  [36 37 38]]

 [[35 36 37]
  [35 36 37]
  [34 35 36]
  ...
  [35 36 37]
  [34 35 36]
  [34 35 36]]

 [[34 35 36]
  [34 35 36]
  [35 36 37]
  ...
  [35 36 37]
  [34 35 36]
  [34 35 36]]]"
17,"[[[58 56 33]
  [58 56 33]
  [58 56 33]
  ...
  [58 56 33]
  [58 56 33]
  [58 56 33]]

 [[58 56 33]
  [58 56 33]
  [58 56 33]
  ...
  [58 56 33]
  [58 56 33]
  [58 56 33]]

 [[58 56 33]
  [58 56 33]
  [58 56 33]
  ...
  [58 56 33]
  [58 56 33]
  [58 56 33]]

 ...

 [[34 35 36]
  [35 36 37]
  [34 35 36]
  ...
  [34 35 36]
  [35 36 37]
  [36 37 38]]

 [[35 36 37]
  [35 36 37]
  [34 35 36]
  ...
  [35 36 37]
  [34 35 36]
  [34 35 36]]

 [[34 35 36]
  [34 35 36]
  [35 36 37]
  ...
  [35 36 37]
  [34 35 36]
  [34 35 36]]]"
18,"[[[58 56 33]
  [58 56 33]
  [58 56 33]
  ...
  [58 56 33]
  [58 56 33]
  [58 56 33]]

 [[58 56 33]
  [58 56 33]
  [58 56 33]
  ...
  [58 56 33]
  [58 56 33]
  [58 56 33]]

 [[58 56 33]
  [58 56 33]
  [58 56 33]
  ...
  [58 56 33]
  [58 56 33]
  [58 56 33]]

 ...

 [[34 35 36]
  [35 36 37]
  [34 35 36]
  ...
  [34 35 36]
  [35 36 37]
  [36 37 38]]

 [[35 36 37]
  [35 36 37]
  [34 35 36]
  ...
  [35 36 37]
  [34 35 36]
  [34 35 36]]

 [[34 35 36]
  [34 35 36]
  [35 36 37]
  ...
  [35 36 37]
  [34 35 36]
  [34 35 36]]]"
19,"[[[17 19 23]
  [17 19 23]
  [18 20 24]
  ...
  [10 30 30]
  [12 32 33]
  [13 33 34]]

 [[17 19 22]
  [17 19 23]
  [20 22 26]
  ...
  [12 32 32]
  [13 34 34]
  [14 35 35]]

 [[15 17 21]
  [16 18 22]
  [19 21 25]
  ...
  [14 35 35]
  [14 35 35]
  [14 35 36]]

 ...

 [[25 48 48]
  [24 48 48]
  [24 48 48]
  ...
  [ 9 15 14]
  [11 16 16]
  [11 17 16]]

 [[23 46 47]
  [23 46 47]
  [23 47 48]
  ...
  [10 15 15]
  [11 16 16]
  [12 17 16]]

 [[23 46 46]
  [23 46 47]
  [23 47 48]
  ...
  [11 16 16]
  [11 17 16]
  [12 17 17]]]"
20,"[[[ 7  9  7]
  [ 7  9  7]
  [ 7  9  7]
  ...
  [21 38 32]
  [21 37 32]
  [20 37 31]]

 [[ 6  8  7]
  [ 7  9  7]
  [ 6  8  7]
  ...
  [22 38 33]
  [21 37 32]
  [20 36 31]]

 [[ 6  7  6]
  [ 6  7  6]
  [ 5  7  5]
  ...
  [21 38 32]
  [20 37 32]
  [20 36 31]]

 ...

 [[ 6 16 10]
  [ 5 15  9]
  [ 4 14  8]
  ...
  [ 7 18 18]
  [ 9 19 19]
  [ 9 19 20]]

 [[ 4 14  8]
  [ 3 13  7]
  [ 2 12  7]
  ...
  [ 6 15 16]
  [ 7 17 17]
  [ 8 17 18]]

 [[ 3 13  8]
  [ 2 12  7]
  [ 2 12  7]
  ...
  [ 6 15 16]
  [ 7 17 18]
  [ 8 18 18]]]"
21,"[[[ 8 11 10]
  [ 8 11 10]
  [ 8 11  9]
  ...
  [26 43 39]
  [22 39 35]
  [19 36 32]]

 [[ 8 11 10]
  [ 8 11 10]
  [ 8 11  9]
  ...
  [26 42 39]
  [22 39 35]
  [21 38 34]]

 [[ 8 11 10]
  [ 8 11 10]
  [ 8 11 10]
  ...
  [25 42 38]
  [23 40 36]
  [23 40 36]]

 ...

 [[10 17 13]
  [10 16 12]
  [ 8 15 10]
  ...
  [ 9 13 16]
  [ 9 13 16]
  [ 9 13 16]]

 [[11 17 13]
  [10 17 13]
  [ 8 15 11]
  ...
  [ 6 10 13]
  [ 5  9 12]
  [ 6 10 12]]

 [[10 17 13]
  [ 9 17 12]
  [ 8 15 11]
  ...
  [ 6 10 13]
  [ 5  9 12]
  [ 5  9 12]]]"
22,"[[[173 179 198]
  [168 174 193]
  [162 168 187]
  ...
  [150 127 105]
  [152 129 107]
  [153 130 108]]

 [[171 177 196]
  [166 172 191]
  [160 166 185]
  ...
  [151 128 106]
  [151 128 106]
  [152 129 107]]

 [[167 174 194]
  [163 170 190]
  [157 164 184]
  ...
  [151 128 106]
  [151 128 106]
  [150 127 105]]

 ...

 [[203 187 181]
  [203 187 181]
  [203 187 181]
  ...
  [205 193 187]
  [203 191 185]
  [197 185 179]]

 [[202 186 180]
  [202 186 180]
  [202 186 180]
  ...
  [205 193 187]
  [203 191 185]
  [197 185 179]]

 [[202 186 180]
  [202 186 180]
  [202 186 180]
  ...
  [205 193 187]
  [203 191 185]
  [197 185 179]]]"
23,"[[[ 0  2  2]
  [ 0  2  2]
  [ 0  2  2]
  ...
  [ 4  5  6]
  [ 5  7  7]
  [ 5  7  7]]

 [[ 0  2  2]
  [ 0  2  2]
  [ 0  2  2]
  ...
  [ 4  5  6]
  [ 5  6  7]
  [ 5  7  7]]

 [[ 0  2  2]
  [ 0  2  2]
  [ 0  2  2]
  ...
  [ 4  5  6]
  [ 5  6  7]
  [ 5  6  7]]

 ...

 [[18 22 26]
  [18 22 25]
  [16 20 23]
  ...
  [ 9 13 16]
  [ 8 12 14]
  [ 8 12 14]]

 [[16 20 23]
  [15 19 23]
  [14 17 21]
  ...
  [ 8 12 14]
  [ 7 11 14]
  [ 7 11 14]]

 [[15 19 22]
  [15 19 22]
  [13 17 21]
  ...
  [ 8 12 14]
  [ 7 11 14]
  [ 7 11 14]]]"
24,"[[[15 21 26]
  [17 24 29]
  [21 27 32]
  ...
  [15 20 22]
  [14 20 22]
  [14 20 22]]

 [[15 22 26]
  [18 24 29]
  [22 28 33]
  ...
  [15 20 22]
  [14 20 22]
  [14 20 22]]

 [[16 22 27]
  [18 25 29]
  [21 28 32]
  ...
  [15 21 22]
  [14 20 22]
  [14 20 22]]

 ...

 [[12 20 26]
  [14 22 29]
  [19 27 34]
  ...
  [10 18 16]
  [10 18 16]
  [10 18 16]]

 [[13 20 27]
  [13 21 28]
  [15 24 30]
  ...
  [ 9 17 15]
  [ 9 17 14]
  [ 9 17 15]]

 [[13 20 27]
  [13 21 27]
  [15 23 29]
  ...
  [ 9 17 15]
  [ 9 17 14]
  [ 9 17 14]]]"
25,"[[[18 26 29]
  [19 26 29]
  [20 27 30]
  ...
  [18 35 35]
  [19 35 35]
  [18 35 35]]

 [[18 26 29]
  [19 27 30]
  [20 27 30]
  ...
  [18 35 35]
  [19 35 35]
  [18 35 35]]

 [[19 27 30]
  [20 27 30]
  [20 27 30]
  ...
  [17 34 34]
  [18 35 35]
  [17 34 34]]

 ...

 [[31 42 46]
  [24 35 38]
  [13 24 27]
  ...
  [11 14 13]
  [11 14 13]
  [11 14 13]]

 [[30 42 45]
  [23 34 37]
  [13 23 27]
  ...
  [11 14 13]
  [11 14 13]
  [11 14 13]]

 [[30 41 45]
  [23 34 37]
  [12 23 26]
  ...
  [11 14 13]
  [11 14 13]
  [11 14 13]]]"
26,"[[[26 50 46]
  [32 56 52]
  [38 63 59]
  ...
  [16 19 21]
  [16 19 21]
  [16 19 21]]

 [[26 51 47]
  [32 57 53]
  [38 64 60]
  ...
  [16 19 21]
  [16 19 21]
  [15 18 20]]

 [[26 51 47]
  [32 57 53]
  [39 65 61]
  ...
  [16 19 21]
  [15 19 21]
  [15 18 20]]

 ...

 [[10 15 13]
  [10 15 13]
  [10 15 13]
  ...
  [14 24 21]
  [13 23 20]
  [13 23 20]]

 [[12 16 15]
  [12 17 15]
  [12 17 15]
  ...
  [20 29 26]
  [20 29 26]
  [20 29 26]]

 [[13 18 17]
  [13 18 17]
  [13 18 17]
  ...
  [23 33 29]
  [23 33 30]
  [23 33 30]]]"
27,"[[[13 24 32]
  [15 27 35]
  [19 31 40]
  ...
  [28 34 37]
  [35 41 44]
  [38 44 47]]

 [[11 22 30]
  [14 25 33]
  [18 29 38]
  ...
  [27 33 36]
  [34 41 44]
  [37 44 47]]

 [[ 9 21 29]
  [11 22 30]
  [13 25 33]
  ...
  [27 33 36]
  [35 41 44]
  [38 44 48]]

 ...

 [[51 59 66]
  [50 57 64]
  [48 55 62]
  ...
  [20 35 32]
  [14 29 26]
  [11 26 23]]

 [[49 56 63]
  [48 55 62]
  [46 54 60]
  ...
  [20 34 31]
  [14 28 26]
  [11 25 22]]

 [[48 55 62]
  [48 55 62]
  [46 53 60]
  ...
  [20 34 31]
  [15 29 26]
  [11 25 22]]]"
28,"[[[25 38 46]
  [23 36 45]
  [17 31 40]
  ...
  [37 47 58]
  [37 48 58]
  [37 48 58]]

 [[23 36 45]
  [24 38 46]
  [22 36 45]
  ...
  [37 47 58]
  [37 48 58]
  [37 48 58]]

 [[21 35 44]
  [25 40 48]
  [28 43 52]
  ...
  [37 48 58]
  [37 48 58]
  [37 48 58]]

 ...

 [[19 41 43]
  [19 42 44]
  [18 40 42]
  ...
  [37 48 58]
  [36 47 58]
  [36 47 58]]

 [[13 35 36]
  [12 34 35]
  [10 31 32]
  ...
  [37 47 57]
  [37 47 57]
  [37 47 57]]

 [[10 31 33]
  [ 9 30 31]
  [ 7 27 28]
  ...
  [36 47 57]
  [37 47 57]
  [37 47 57]]]"
29,"[[[ 4 17 17]
  [ 5 18 17]
  [ 6 19 18]
  ...
  [14 19 16]
  [14 18 16]
  [14 18 16]]

 [[ 5 18 17]
  [ 5 18 17]
  [ 5 19 18]
  ...
  [14 19 16]
  [14 19 16]
  [14 19 16]]

 [[ 5 18 18]
  [ 5 18 17]
  [ 5 18 18]
  ...
  [14 19 16]
  [14 19 16]
  [14 19 16]]

 ...

 [[17 28 31]
  [17 28 31]
  [17 28 31]
  ...
  [11 24 27]
  [11 24 27]
  [11 24 27]]

 [[16 27 30]
  [16 27 30]
  [16 27 30]
  ...
  [11 24 26]
  [11 24 26]
  [11 24 26]]

 [[16 27 30]
  [16 27 30]
  [16 27 30]
  ...
  [11 23 26]
  [11 23 26]
  [11 23 26]]]"
30,"[[[15 27 22]
  [17 28 24]
  [20 32 28]
  ...
  [16 23 23]
  [19 26 26]
  [20 28 27]]

 [[18 29 25]
  [19 31 26]
  [22 33 29]
  ...
  [16 24 23]
  [19 26 26]
  [20 27 27]]

 [[23 35 31]
  [24 36 32]
  [26 37 33]
  ...
  [15 23 22]
  [17 25 24]
  [18 25 25]]

 ...

 [[21 33 35]
  [21 33 35]
  [21 33 35]
  ...
  [26 35 37]
  [27 35 38]
  [27 35 38]]

 [[22 33 35]
  [22 33 35]
  [21 33 35]
  ...
  [26 34 37]
  [26 34 37]
  [26 34 37]]

 [[21 33 35]
  [22 34 35]
  [21 33 35]
  ...
  [25 34 36]
  [25 34 36]
  [25 34 36]]]"
31,"[[[11 13 16]
  [13 14 17]
  [13 14 17]
  ...
  [ 9 12 14]
  [10 12 14]
  [10 13 14]]

 [[11 13 16]
  [13 14 17]
  [13 14 17]
  ...
  [ 6  9 10]
  [ 6  8 10]
  [ 7  9 11]]

 [[12 14 17]
  [13 14 18]
  [12 13 17]
  ...
  [ 2  5  6]
  [ 2  5  6]
  [ 4  6  7]]

 ...

 [[20 27 31]
  [20 28 31]
  [20 28 31]
  ...
  [26 27 27]
  [26 27 27]
  [26 27 27]]

 [[19 27 31]
  [19 27 31]
  [20 27 31]
  ...
  [25 27 26]
  [25 27 26]
  [25 27 27]]

 [[20 27 31]
  [20 27 31]
  [20 27 31]
  ...
  [25 26 26]
  [25 27 27]
  [25 27 27]]]"
32,"[[[16 22 31]
  [18 24 33]
  [19 24 32]
  ...
  [ 7 11 12]
  [ 7 11 12]
  [ 7 11 12]]

 [[17 23 32]
  [18 24 32]
  [18 24 31]
  ...
  [ 7 11 12]
  [ 7 11 12]
  [ 7 11 12]]

 [[17 23 32]
  [18 24 32]
  [16 22 30]
  ...
  [ 7 11 12]
  [ 7 11 12]
  [ 7 11 12]]

 ...

 [[12 23 25]
  [12 23 25]
  [12 23 25]
  ...
  [11 20 18]
  [11 20 18]
  [11 20 18]]

 [[12 22 24]
  [12 22 24]
  [12 22 24]
  ...
  [11 19 17]
  [11 19 17]
  [11 19 17]]

 [[12 22 24]
  [12 22 24]
  [12 22 24]
  ...
  [11 19 17]
  [11 19 17]
  [11 19 17]]]"
33,"[[[242 240 240]
  [242 240 240]
  [242 240 240]
  ...
  [244 240 239]
  [244 240 239]
  [244 240 239]]

 [[242 240 240]
  [242 240 240]
  [242 240 240]
  ...
  [244 240 239]
  [244 240 239]
  [244 240 239]]

 [[242 240 240]
  [242 240 240]
  [242 240 240]
  ...
  [244 240 239]
  [244 240 239]
  [244 240 239]]

 ...

 [[244 242 242]
  [244 242 242]
  [244 242 242]
  ...
  [242 240 240]
  [242 240 240]
  [242 240 240]]

 [[244 242 242]
  [244 242 242]
  [244 242 242]
  ...
  [242 240 240]
  [242 240 240]
  [242 240 240]]

 [[244 242 242]
  [244 242 242]
  [244 242 242]
  ...
  [242 240 240]
  [242 240 240]
  [242 240 240]]]"
34,"[[[16 28 27]
  [23 34 33]
  [30 40 39]
  ...
  [47 49 51]
  [47 49 51]
  [47 49 51]]

 [[20 32 31]
  [26 37 36]
  [30 40 39]
  ...
  [48 50 52]
  [48 50 52]
  [48 50 52]]

 [[24 36 35]
  [28 39 38]
  [30 40 39]
  ...
  [48 51 53]
  [48 51 53]
  [48 51 53]]

 ...

 [[ 8 27 26]
  [ 9 28 26]
  [ 9 28 27]
  ...
  [42 47 50]
  [42 47 50]
  [42 47 50]]

 [[10 28 26]
  [11 29 27]
  [11 30 28]
  ...
  [41 46 48]
  [41 46 48]
  [41 46 48]]

 [[11 29 27]
  [11 29 28]
  [11 30 28]
  ...
  [41 45 48]
  [41 45 48]
  [41 45 48]]]"
35,"[[[14 32 47]
  [18 36 51]
  [23 40 54]
  ...
  [17 31 47]
  [17 31 47]
  [17 31 47]]

 [[16 33 48]
  [20 37 52]
  [24 41 56]
  ...
  [17 32 48]
  [18 32 48]
  [18 32 48]]

 [[18 36 51]
  [22 40 55]
  [25 42 57]
  ...
  [18 33 49]
  [18 33 49]
  [18 33 49]]

 ...

 [[20 14  9]
  [20 14  9]
  [20 14  9]
  ...
  [20 16 11]
  [20 16 11]
  [20 16 11]]

 [[20 14  9]
  [20 14  9]
  [20 14  9]
  ...
  [19 16 11]
  [19 16 11]
  [19 16 11]]

 [[20 14  9]
  [20 14  9]
  [20 14  9]
  ...
  [19 16 11]
  [19 16 11]
  [19 16 11]]]"
36,"[[[19 34 45]
  [19 34 45]
  [19 34 45]
  ...
  [ 7 20 33]
  [10 23 35]
  [11 24 36]]

 [[19 34 45]
  [19 34 45]
  [18 33 45]
  ...
  [ 7 20 33]
  [10 23 36]
  [11 24 37]]

 [[19 33 45]
  [18 33 45]
  [18 32 44]
  ...
  [ 7 21 33]
  [10 23 36]
  [11 24 37]]

 ...

 [[21 15 10]
  [21 15 10]
  [21 15 10]
  ...
  [20 16 11]
  [20 16 11]
  [20 16 11]]

 [[20 15 10]
  [20 15 10]
  [20 15 10]
  ...
  [19 16 11]
  [19 16 11]
  [19 16 11]]

 [[20 15  9]
  [20 15  9]
  [20 15  9]
  ...
  [19 16 11]
  [19 16 11]
  [19 16 11]]]"
37,"[[[ 8 19 20]
  [ 7 19 20]
  [ 7 18 19]
  ...
  [22 31 34]
  [23 31 34]
  [23 31 34]]

 [[ 7 19 20]
  [ 7 19 20]
  [ 7 19 20]
  ...
  [23 31 34]
  [23 31 34]
  [23 31 34]]

 [[ 8 20 21]
  [ 8 20 22]
  [ 9 21 22]
  ...
  [23 31 34]
  [23 31 34]
  [23 31 34]]

 ...

 [[27 35 36]
  [27 35 36]
  [29 36 37]
  ...
  [23 35 38]
  [22 34 37]
  [22 34 36]]

 [[27 34 36]
  [27 34 36]
  [28 36 37]
  ...
  [21 33 36]
  [20 32 35]
  [20 32 35]]

 [[26 34 35]
  [26 34 35]
  [28 35 36]
  ...
  [20 32 35]
  [20 32 35]
  [20 32 35]]]"
38,"[[[11 37 35]
  [11 37 35]
  [10 38 35]
  ...
  [31 40 42]
  [32 41 43]
  [33 41 44]]

 [[12 39 36]
  [12 39 37]
  [11 39 37]
  ...
  [32 40 43]
  [33 41 44]
  [33 41 44]]

 [[14 40 38]
  [13 41 39]
  [12 41 39]
  ...
  [31 39 43]
  [32 40 44]
  [32 41 44]]

 ...

 [[ 6 10 12]
  [ 7 11 13]
  [ 8 12 14]
  ...
  [27 42 44]
  [27 41 44]
  [26 40 43]]

 [[ 7 10 12]
  [ 7 11 13]
  [ 9 13 14]
  ...
  [26 41 43]
  [25 40 42]
  [25 39 41]]

 [[ 7 10 12]
  [ 7 11 13]
  [ 9 13 15]
  ...
  [25 40 42]
  [24 38 41]
  [24 38 40]]]"
39,"[[[ 7 29 29]
  [ 7 29 29]
  [ 7 30 30]
  ...
  [15 26 33]
  [15 26 34]
  [15 26 34]]

 [[ 8 30 29]
  [ 7 30 30]
  [ 7 31 30]
  ...
  [15 26 34]
  [15 26 34]
  [16 27 34]]

 [[ 8 30 30]
  [ 8 31 30]
  [ 8 32 31]
  ...
  [16 27 34]
  [16 27 34]
  [16 27 34]]

 ...

 [[ 0 31 26]
  [ 0 31 26]
  [ 0 31 26]
  ...
  [23 32 38]
  [24 33 39]
  [25 33 39]]

 [[ 0 30 26]
  [ 0 30 26]
  [ 0 30 26]
  ...
  [21 30 36]
  [22 31 37]
  [22 31 37]]

 [[ 0 30 25]
  [ 0 30 25]
  [ 0 30 25]
  ...
  [20 29 35]
  [21 31 36]
  [22 31 37]]]"
40,"[[[12 23 23]
  [12 23 23]
  [12 23 23]
  ...
  [16 28 26]
  [14 25 24]
  [12 24 22]]

 [[12 23 24]
  [12 23 24]
  [12 23 24]
  ...
  [15 26 25]
  [13 25 23]
  [12 23 22]]

 [[12 24 24]
  [12 24 24]
  [12 24 24]
  ...
  [13 25 23]
  [12 24 22]
  [10 23 21]]

 ...

 [[ 8 23 25]
  [11 26 28]
  [15 31 33]
  ...
  [12 35 38]
  [12 36 38]
  [13 36 39]]

 [[10 24 26]
  [14 28 30]
  [17 33 35]
  ...
  [13 35 38]
  [13 36 39]
  [14 37 40]]

 [[10 25 27]
  [14 29 30]
  [18 33 35]
  ...
  [12 35 38]
  [13 35 39]
  [14 36 40]]]"
41,"[[[11 19 18]
  [11 19 18]
  [12 20 19]
  ...
  [ 9 22 19]
  [ 9 22 19]
  [ 9 22 19]]

 [[11 19 18]
  [11 20 19]
  [12 21 20]
  ...
  [10 23 20]
  [10 23 20]
  [10 23 20]]

 [[11 20 19]
  [12 21 20]
  [12 21 20]
  ...
  [12 25 22]
  [12 25 22]
  [12 25 22]]

 ...

 [[12 28 32]
  [13 28 32]
  [13 28 32]
  ...
  [10 35 35]
  [12 36 36]
  [12 37 37]]

 [[11 26 30]
  [12 26 30]
  [12 27 31]
  ...
  [10 34 34]
  [12 36 36]
  [12 36 36]]

 [[11 25 29]
  [11 26 30]
  [11 26 30]
  ...
  [10 34 34]
  [11 35 35]
  [12 36 36]]]"
42,"[[[17 23 24]
  [17 23 25]
  [17 23 25]
  ...
  [20 35 30]
  [20 35 30]
  [19 34 29]]

 [[17 23 25]
  [17 23 25]
  [18 23 25]
  ...
  [20 34 29]
  [20 34 29]
  [19 34 29]]

 [[18 23 25]
  [18 23 25]
  [18 23 25]
  ...
  [19 34 29]
  [20 34 29]
  [20 34 29]]

 ...

 [[ 6 14 15]
  [ 5 14 14]
  [ 6 14 15]
  ...
  [12 23 24]
  [10 20 22]
  [ 9 20 21]]

 [[ 5 14 14]
  [ 5 13 14]
  [ 5 13 14]
  ...
  [ 8 18 20]
  [ 6 16 17]
  [ 6 16 17]]

 [[ 5 13 14]
  [ 4 12 13]
  [ 4 12 13]
  ...
  [ 7 17 19]
  [ 5 15 17]
  [ 5 15 17]]]"
43,"[[[ 9 14 11]
  [ 9 14 11]
  [10 14 11]
  ...
  [ 4 11  9]
  [ 5 12 10]
  [ 5 12 10]]

 [[ 9 15 11]
  [ 9 14 11]
  [10 14 11]
  ...
  [ 4 11  9]
  [ 5 12 10]
  [ 5 13 10]]

 [[ 9 14 11]
  [ 9 14 11]
  [ 9 14 11]
  ...
  [ 6 13 11]
  [ 6 14 12]
  [ 7 14 12]]

 ...

 [[ 8 16 12]
  [ 8 16 12]
  [ 8 17 12]
  ...
  [19 44 41]
  [17 42 39]
  [15 40 37]]

 [[ 9 17 13]
  [ 9 17 13]
  [ 8 17 13]
  ...
  [18 43 40]
  [16 41 38]
  [15 40 37]]

 [[ 9 17 14]
  [ 9 17 13]
  [ 9 17 13]
  ...
  [18 43 40]
  [16 41 38]
  [16 40 37]]]"
44,"[[[ 7 68 54]
  [ 6 67 53]
  [ 7 66 51]
  ...
  [16 50 43]
  [16 50 43]
  [16 50 43]]

 [[ 8 66 55]
  [ 7 66 52]
  [ 6 65 51]
  ...
  [16 50 43]
  [16 50 43]
  [16 50 43]]

 [[ 7 62 53]
  [ 6 62 51]
  [ 5 61 50]
  ...
  [15 49 42]
  [15 49 42]
  [15 49 42]]

 ...

 [[ 7 26 23]
  [ 7 26 23]
  [ 7 26 23]
  ...
  [15 69 39]
  [15 69 39]
  [15 69 39]]

 [[ 7 26 23]
  [ 7 26 23]
  [ 7 26 23]
  ...
  [15 69 40]
  [15 69 40]
  [15 69 40]]

 [[ 7 26 23]
  [ 7 26 23]
  [ 7 26 23]
  ...
  [15 69 40]
  [15 69 40]
  [15 69 40]]]"
45,"[[[ 8 14 12]
  [ 8 14 12]
  [ 8 14 12]
  ...
  [50 45 43]
  [50 45 43]
  [50 45 43]]

 [[ 8 15 12]
  [ 8 15 12]
  [ 8 15 12]
  ...
  [51 46 43]
  [51 46 43]
  [51 46 43]]

 [[ 8 15 12]
  [ 8 15 12]
  [ 8 15 12]
  ...
  [51 47 44]
  [51 47 44]
  [51 47 44]]

 ...

 [[ 4 20 20]
  [ 4 20 20]
  [ 4 20 20]
  ...
  [ 2 22 21]
  [ 2 21 21]
  [ 2 21 21]]

 [[ 4 18 18]
  [ 4 18 18]
  [ 4 18 18]
  ...
  [ 2 21 21]
  [ 1 20 20]
  [ 1 20 20]]

 [[ 4 18 18]
  [ 4 18 18]
  [ 4 18 18]
  ...
  [ 3 21 21]
  [ 2 20 20]
  [ 1 20 20]]]"
46,"[[[11 25 25]
  [11 25 24]
  [11 25 24]
  ...
  [47 47 49]
  [47 47 49]
  [47 47 49]]

 [[11 26 25]
  [12 26 25]
  [12 26 25]
  ...
  [47 48 49]
  [47 48 49]
  [48 48 50]]

 [[12 27 27]
  [13 27 27]
  [13 27 27]
  ...
  [48 49 50]
  [48 49 50]
  [48 49 50]]

 ...

 [[ 4  6  9]
  [ 4  6  9]
  [ 4  6  9]
  ...
  [ 7 33 29]
  [ 7 33 29]
  [ 7 33 29]]

 [[ 4  6  9]
  [ 4  6  9]
  [ 4  6  9]
  ...
  [ 7 33 29]
  [ 7 33 29]
  [ 7 33 29]]

 [[ 4  6  9]
  [ 4  6  9]
  [ 4  6  9]
  ...
  [ 7 33 29]
  [ 7 33 29]
  [ 7 33 29]]]"
47,"[[[20 35 36]
  [20 35 36]
  [19 34 35]
  ...
  [74 81 84]
  [74 82 84]
  [74 82 84]]

 [[20 35 36]
  [20 35 36]
  [19 34 35]
  ...
  [75 83 85]
  [75 83 85]
  [75 83 85]]

 [[20 35 36]
  [20 35 36]
  [20 35 36]
  ...
  [76 84 86]
  [76 84 86]
  [76 84 86]]

 ...

 [[ 4 41 51]
  [ 5 42 52]
  [ 5 42 52]
  ...
  [11 16 17]
  [10 14 16]
  [10 14 16]]

 [[ 8 43 53]
  [ 8 43 53]
  [ 8 44 53]
  ...
  [12 16 17]
  [11 14 16]
  [10 14 15]]

 [[ 8 44 53]
  [ 9 45 54]
  [ 9 45 54]
  ...
  [12 16 17]
  [11 15 16]
  [10 14 16]]]"
48,"[[[25 38 38]
  [25 39 39]
  [26 39 39]
  ...
  [80 84 84]
  [80 84 84]
  [80 84 84]]

 [[25 38 38]
  [25 38 38]
  [26 38 39]
  ...
  [81 85 85]
  [81 84 85]
  [80 84 85]]

 [[24 38 37]
  [25 38 38]
  [25 38 38]
  ...
  [82 85 86]
  [81 85 86]
  [81 84 86]]

 ...

 [[ 7 28 35]
  [ 6 28 34]
  [ 4 27 33]
  ...
  [ 5 16 17]
  [ 9 20 21]
  [10 22 23]]

 [[ 7 28 34]
  [ 7 28 34]
  [ 5 27 33]
  ...
  [ 4 14 15]
  [ 7 17 18]
  [ 8 18 20]]

 [[ 7 28 34]
  [ 7 28 34]
  [ 6 27 33]
  ...
  [ 4 13 15]
  [ 6 16 17]
  [ 7 17 19]]]"
49,"[[[28 40 41]
  [27 40 40]
  [25 38 38]
  ...
  [57 64 66]
  [62 69 71]
  [64 71 73]]

 [[28 41 41]
  [28 40 41]
  [25 38 38]
  ...
  [56 63 65]
  [62 69 71]
  [64 72 73]]

 [[28 41 41]
  [28 40 41]
  [26 39 40]
  ...
  [55 63 64]
  [62 69 70]
  [64 72 73]]

 ...

 [[ 8 35 38]
  [ 7 35 38]
  [ 6 34 37]
  ...
  [ 7 13 12]
  [ 7 13 12]
  [ 7 13 12]]

 [[ 8 34 37]
  [ 7 34 37]
  [ 6 34 36]
  ...
  [ 7 13 12]
  [ 7 13 12]
  [ 7 13 12]]

 [[ 8 34 37]
  [ 7 34 37]
  [ 7 34 36]
  ...
  [ 7 12 12]
  [ 7 12 12]
  [ 7 12 12]]]"
50,"[[[52 59 61]
  [47 54 56]
  [40 46 48]
  ...
  [72 79 83]
  [72 79 83]
  [72 79 83]]

 [[53 59 61]
  [50 56 58]
  [43 49 52]
  ...
  [73 80 84]
  [73 80 84]
  [73 80 84]]

 [[52 58 60]
  [51 57 59]
  [46 52 55]
  ...
  [74 81 85]
  [74 81 85]
  [74 81 85]]

 ...

 [[ 8 34 43]
  [10 36 45]
  [12 38 47]
  ...
  [15 26 22]
  [15 26 22]
  [15 26 22]]

 [[10 36 44]
  [12 38 46]
  [14 40 48]
  ...
  [14 25 21]
  [14 25 21]
  [14 25 21]]

 [[11 37 46]
  [13 39 47]
  [15 40 48]
  ...
  [14 25 21]
  [14 24 21]
  [14 24 21]]]"
51,"[[[72 78 81]
  [72 78 81]
  [72 78 81]
  ...
  [36 44 47]
  [36 44 47]
  [37 45 48]]

 [[73 79 82]
  [73 79 82]
  [73 79 82]
  ...
  [37 45 48]
  [37 46 49]
  [38 47 50]]

 [[73 80 83]
  [73 80 83]
  [73 80 83]
  ...
  [38 47 50]
  [39 48 51]
  [40 48 51]]

 ...

 [[12 29 44]
  [12 29 44]
  [12 29 44]
  ...
  [ 9 25 25]
  [ 9 25 25]
  [ 9 25 25]]

 [[14 31 44]
  [13 30 44]
  [14 31 44]
  ...
  [ 8 23 23]
  [ 8 23 23]
  [ 8 23 23]]

 [[15 31 44]
  [14 31 44]
  [14 31 44]
  ...
  [ 7 22 22]
  [ 8 23 23]
  [ 9 23 23]]]"
52,"[[[61 65 69]
  [60 65 68]
  [60 65 68]
  ...
  [73 81 84]
  [73 81 84]
  [73 81 84]]

 [[61 65 69]
  [61 65 69]
  [61 66 69]
  ...
  [72 80 84]
  [72 80 84]
  [73 80 84]]

 [[64 68 72]
  [64 69 73]
  [65 69 73]
  ...
  [71 79 83]
  [71 78 82]
  [71 79 83]]

 ...

 [[30 51 59]
  [31 52 61]
  [33 55 63]
  ...
  [16 26 29]
  [16 25 29]
  [16 25 29]]

 [[25 44 53]
  [26 45 54]
  [28 48 57]
  ...
  [14 23 26]
  [14 23 26]
  [15 24 27]]

 [[22 40 49]
  [23 42 51]
  [25 45 53]
  ...
  [13 22 25]
  [15 23 26]
  [15 24 27]]]"
53,"[[[66 67 70]
  [66 67 70]
  [66 67 70]
  ...
  [66 72 79]
  [66 72 79]
  [66 72 79]]

 [[67 68 71]
  [67 68 71]
  [67 68 71]
  ...
  [66 73 80]
  [66 73 80]
  [66 73 80]]

 [[68 68 72]
  [68 68 72]
  [68 68 72]
  ...
  [67 74 80]
  [67 74 80]
  [67 74 80]]

 ...

 [[29 35 38]
  [28 34 37]
  [27 33 37]
  ...
  [25 33 31]
  [24 32 29]
  [24 32 29]]

 [[27 33 36]
  [26 32 35]
  [25 31 34]
  ...
  [25 33 31]
  [24 32 30]
  [24 32 30]]

 [[26 32 35]
  [25 31 34]
  [23 29 33]
  ...
  [25 33 31]
  [24 32 30]
  [23 31 29]]]"
54,"[[[66 67 70]
  [66 67 70]
  [66 67 70]
  ...
  [65 73 79]
  [65 73 79]
  [65 73 79]]

 [[66 68 71]
  [66 68 71]
  [66 68 71]
  ...
  [65 73 79]
  [65 73 79]
  [65 73 79]]

 [[67 68 72]
  [67 68 72]
  [67 68 72]
  ...
  [66 74 80]
  [66 74 80]
  [66 74 80]]

 ...

 [[27 38 44]
  [27 38 44]
  [28 39 45]
  ...
  [10 15 16]
  [11 16 17]
  [11 16 17]]

 [[28 38 44]
  [28 39 44]
  [28 39 45]
  ...
  [10 15 16]
  [11 15 16]
  [11 15 16]]

 [[27 38 44]
  [28 39 44]
  [28 39 45]
  ...
  [ 9 15 16]
  [10 15 16]
  [10 15 16]]]"
55,"[[[1 1 1]
  [1 1 1]
  [1 1 1]
  ...
  [1 1 1]
  [1 1 1]
  [1 1 1]]

 [[1 1 1]
  [1 1 1]
  [1 1 1]
  ...
  [1 1 1]
  [1 1 1]
  [1 1 1]]

 [[1 1 1]
  [1 1 1]
  [1 1 1]
  ...
  [1 1 1]
  [1 1 1]
  [1 1 1]]

 ...

 [[6 6 6]
  [6 6 6]
  [6 6 6]
  ...
  [3 3 3]
  [2 2 2]
  [1 1 1]]

 [[0 0 0]
  [0 0 0]
  [0 0 0]
  ...
  [2 2 2]
  [1 1 1]
  [1 1 1]]

 [[2 2 2]
  [2 2 2]
  [2 2 2]
  ...
  [2 2 2]
  [1 1 1]
  [0 0 0]]]"
56,"[[[80 83 82]
  [80 83 82]
  [80 83 82]
  ...
  [78 74 69]
  [78 74 69]
  [78 74 69]]

 [[81 84 83]
  [81 84 83]
  [81 84 83]
  ...
  [78 74 68]
  [78 74 68]
  [78 74 68]]

 [[82 85 84]
  [82 85 84]
  [82 85 84]
  ...
  [78 74 68]
  [78 74 68]
  [78 74 68]]

 ...

 [[41 47 50]
  [41 47 50]
  [40 47 50]
  ...
  [36 45 48]
  [36 45 48]
  [36 45 48]]

 [[41 47 50]
  [41 47 50]
  [41 47 50]
  ...
  [37 45 48]
  [37 45 48]
  [36 44 47]]

 [[41 47 50]
  [41 47 50]
  [41 47 50]
  ...
  [36 45 48]
  [36 45 48]
  [36 44 47]]]"
57,"[[[80 83 83]
  [80 83 83]
  [80 83 83]
  ...
  [77 74 68]
  [77 74 68]
  [77 74 68]]

 [[81 84 84]
  [81 84 84]
  [81 84 84]
  ...
  [77 74 68]
  [77 74 68]
  [77 74 68]]

 [[82 85 85]
  [82 85 85]
  [82 85 85]
  ...
  [77 74 68]
  [77 74 68]
  [77 74 68]]

 ...

 [[44 50 55]
  [44 50 55]
  [45 50 55]
  ...
  [36 45 47]
  [37 45 48]
  [36 45 47]]

 [[44 49 54]
  [43 48 53]
  [43 49 54]
  ...
  [33 42 44]
  [34 42 44]
  [34 42 44]]

 [[44 48 53]
  [43 48 53]
  [43 48 53]
  ...
  [32 40 42]
  [32 40 43]
  [32 40 43]]]"
58,"[[[80 83 83]
  [80 83 83]
  [80 83 83]
  ...
  [77 74 69]
  [77 74 69]
  [77 74 69]]

 [[81 84 84]
  [81 84 84]
  [81 84 84]
  ...
  [77 74 69]
  [77 74 69]
  [77 74 69]]

 [[82 85 85]
  [82 85 85]
  [82 85 85]
  ...
  [78 74 69]
  [78 74 69]
  [78 74 69]]

 ...

 [[47 51 54]
  [47 51 54]
  [47 51 54]
  ...
  [25 34 37]
  [25 34 37]
  [25 34 37]]

 [[46 50 53]
  [46 50 53]
  [46 50 54]
  ...
  [24 33 36]
  [24 33 36]
  [24 33 36]]

 [[46 49 52]
  [46 49 52]
  [46 49 52]
  ...
  [24 33 35]
  [24 33 35]
  [24 33 35]]]"
59,"[[[80 83 84]
  [80 83 84]
  [80 83 84]
  ...
  [77 74 69]
  [77 74 69]
  [77 74 69]]

 [[81 84 85]
  [81 84 85]
  [81 84 85]
  ...
  [77 74 68]
  [77 74 68]
  [77 74 68]]

 [[82 85 86]
  [82 85 86]
  [82 85 86]
  ...
  [77 74 68]
  [77 74 68]
  [77 74 68]]

 ...

 [[48 52 56]
  [48 52 56]
  [48 52 56]
  ...
  [37 47 49]
  [35 45 47]
  [34 44 46]]

 [[47 51 55]
  [47 51 55]
  [47 51 55]
  ...
  [36 45 47]
  [33 42 44]
  [32 42 44]]

 [[46 50 54]
  [46 50 54]
  [46 50 54]
  ...
  [35 44 46]
  [33 42 44]
  [32 41 43]]]"
60,"[[[34 34 42]
  [34 35 43]
  [38 38 46]
  ...
  [19 24 24]
  [21 26 26]
  [21 26 26]]

 [[37 38 46]
  [38 39 47]
  [41 41 49]
  ...
  [19 24 24]
  [21 25 26]
  [21 25 26]]

 [[41 42 50]
  [42 42 51]
  [45 45 53]
  ...
  [19 23 23]
  [20 25 25]
  [20 25 25]]

 ...

 [[23 51 50]
  [22 50 49]
  [20 48 47]
  ...
  [23 38 39]
  [29 45 46]
  [32 48 49]]

 [[22 50 49]
  [21 49 48]
  [19 46 45]
  ...
  [29 43 44]
  [33 48 48]
  [35 50 51]]

 [[21 49 48]
  [21 48 48]
  [19 46 45]
  ...
  [31 45 46]
  [35 49 50]
  [36 51 52]]]"
61,"[[[ 5  5  7]
  [ 5  4  6]
  [ 5  4  6]
  ...
  [ 8 10 12]
  [ 8 10 12]
  [ 8 10 12]]

 [[ 5  5  7]
  [ 5  4  6]
  [ 5  4  6]
  ...
  [ 8 10 12]
  [ 8 10 12]
  [ 8 10 12]]

 [[ 5  5  7]
  [ 5  4  6]
  [ 5  4  6]
  ...
  [ 8 10 12]
  [ 8 10 12]
  [ 8 10 12]]

 ...

 [[12 12 15]
  [13 12 16]
  [13 12 16]
  ...
  [31 30 34]
  [31 30 34]
  [31 30 34]]

 [[13 12 15]
  [13 12 15]
  [13 12 15]
  ...
  [31 30 34]
  [31 30 34]
  [31 30 34]]

 [[12 12 15]
  [12 12 15]
  [12 12 15]
  ...
  [30 29 33]
  [30 29 33]
  [30 29 33]]]"
62,"[[[ 7 19 26]
  [ 5 18 25]
  [ 4 17 24]
  ...
  [ 4  8  7]
  [ 4  8  7]
  [ 4  8  7]]

 [[ 5 18 25]
  [ 4 17 24]
  [ 3 16 23]
  ...
  [ 4  8  7]
  [ 4  8  7]
  [ 4  8  7]]

 [[ 4 17 25]
  [ 3 17 24]
  [ 2 16 23]
  ...
  [ 4  8  7]
  [ 4  8  7]
  [ 4  8  7]]

 ...

 [[20 27 33]
  [21 28 35]
  [23 30 36]
  ...
  [10 18 28]
  [10 19 28]
  [10 19 28]]

 [[ 6 13 19]
  [ 9 15 21]
  [10 16 23]
  ...
  [ 9 17 27]
  [10 18 28]
  [10 18 28]]

 [[ 1  8 14]
  [ 3 10 16]
  [ 4 11 17]
  ...
  [ 9 17 27]
  [ 9 18 27]
  [10 18 28]]]"
63,"[[[51 47 42]
  [55 51 46]
  [59 55 51]
  ...
  [ 1 10 12]
  [ 1 10 13]
  [ 1 11 13]]

 [[47 43 38]
  [53 49 44]
  [59 56 51]
  ...
  [ 1 10 12]
  [ 1 10 12]
  [ 1 11 13]]

 [[36 32 28]
  [45 41 36]
  [57 53 48]
  ...
  [ 1 10 13]
  [ 1 10 12]
  [ 1 10 12]]

 ...

 [[59 50 41]
  [59 50 41]
  [59 50 41]
  ...
  [61 51 41]
  [61 51 41]
  [61 51 41]]

 [[58 49 40]
  [58 49 40]
  [58 49 40]
  ...
  [60 50 40]
  [60 50 40]
  [60 50 40]]

 [[57 48 39]
  [57 48 39]
  [57 48 39]
  ...
  [59 49 40]
  [59 49 40]
  [59 49 40]]]"
64,"[[[53 49 45]
  [56 52 48]
  [59 55 51]
  ...
  [ 1 10 12]
  [ 2 11 13]
  [ 3 12 14]]

 [[48 45 41]
  [54 50 46]
  [60 57 53]
  ...
  [ 2 11 13]
  [ 2 12 14]
  [ 3 12 14]]

 [[37 33 29]
  [46 42 38]
  [58 55 50]
  ...
  [ 3 12 15]
  [ 3 12 14]
  [ 3 13 15]]

 ...

 [[61 52 42]
  [61 52 42]
  [61 52 42]
  ...
  [60 50 40]
  [60 50 40]
  [60 50 40]]

 [[60 50 42]
  [60 50 42]
  [60 50 42]
  ...
  [59 48 39]
  [59 48 39]
  [59 48 39]]

 [[59 50 41]
  [59 50 41]
  [59 50 41]
  ...
  [58 48 38]
  [58 48 38]
  [58 48 38]]]"
65,"[[[ 1  9 13]
  [ 1  9 13]
  [ 1  9 13]
  ...
  [20 28 31]
  [20 28 31]
  [20 28 31]]

 [[ 1  9 13]
  [ 1  9 13]
  [ 1  9 13]
  ...
  [20 28 31]
  [20 28 31]
  [20 28 31]]

 [[ 1  9 13]
  [ 1  9 13]
  [ 1  9 13]
  ...
  [20 29 32]
  [20 29 32]
  [20 29 32]]

 ...

 [[14 21 27]
  [19 26 31]
  [21 29 34]
  ...
  [11 40 39]
  [11 40 38]
  [11 40 39]]

 [[ 2  9 14]
  [ 7 14 19]
  [10 17 22]
  ...
  [10 40 38]
  [10 39 38]
  [11 40 38]]

 [[ 0  5 10]
  [ 2  9 15]
  [ 5 12 17]
  ...
  [10 39 37]
  [10 39 37]
  [10 39 37]]]"
66,"[[[ 9 10 11]
  [ 9 10 11]
  [ 9 10 12]
  ...
  [ 9 11 13]
  [ 9 11 13]
  [ 9 11 13]]

 [[ 9 10 11]
  [ 9 10 11]
  [ 9 10 12]
  ...
  [ 9 11 13]
  [ 9 11 13]
  [ 9 11 13]]

 [[ 9 10 11]
  [ 9 10 11]
  [ 9 10 12]
  ...
  [ 9 11 13]
  [ 9 11 13]
  [ 9 11 13]]

 ...

 [[16 17 20]
  [16 17 20]
  [16 17 20]
  ...
  [18 18 23]
  [18 18 23]
  [18 18 23]]

 [[15 16 20]
  [15 16 20]
  [15 16 20]
  ...
  [17 18 22]
  [17 18 22]
  [17 18 22]]

 [[15 16 20]
  [15 16 20]
  [15 16 20]
  ...
  [17 18 22]
  [17 18 22]
  [17 18 22]]]"
67,"[[[ 9 11 11]
  [10 11 11]
  [ 9 11 11]
  ...
  [20 29 35]
  [20 30 36]
  [21 30 36]]

 [[ 8  9  9]
  [ 8  9  9]
  [ 7  9  9]
  ...
  [20 29 35]
  [20 30 36]
  [20 30 36]]

 [[ 5  7  7]
  [ 5  7  7]
  [ 5  7  7]
  ...
  [21 30 36]
  [21 30 36]
  [21 30 36]]

 ...

 [[16 27 34]
  [16 27 34]
  [16 27 33]
  ...
  [ 7 19 18]
  [ 7 18 18]
  [ 6 18 18]]

 [[ 4 14 21]
  [ 4 14 21]
  [ 4 14 21]
  ...
  [ 7 18 18]
  [ 7 18 18]
  [ 7 18 18]]

 [[ 0  9 16]
  [ 0  9 16]
  [ 0  9 15]
  ...
  [ 7 18 18]
  [ 7 18 18]
  [ 7 18 18]]]"
68,"[[[ 6 23 28]
  [ 6 23 27]
  [ 5 23 27]
  ...
  [ 0  7 13]
  [ 0  7 13]
  [ 0  7 13]]

 [[ 6 23 28]
  [ 6 23 28]
  [ 5 23 28]
  ...
  [ 0  7 13]
  [ 0  7 13]
  [ 0  7 13]]

 [[ 6 23 28]
  [ 5 23 27]
  [ 5 23 27]
  ...
  [ 0  7 13]
  [ 0  7 13]
  [ 0  7 13]]

 ...

 [[26 38 45]
  [26 38 45]
  [26 38 45]
  ...
  [ 1 16 20]
  [ 1 16 20]
  [ 1 16 20]]

 [[10 22 29]
  [10 22 29]
  [10 22 29]
  ...
  [ 1 15 19]
  [ 1 15 19]
  [ 1 15 19]]

 [[ 5 17 23]
  [ 5 17 23]
  [ 5 17 23]
  ...
  [ 1 15 19]
  [ 1 15 19]
  [ 1 14 18]]]"
69,"[[[14 22 25]
  [15 23 26]
  [16 23 27]
  ...
  [ 2 12 13]
  [ 3 12 13]
  [ 2 12 13]]

 [[14 22 25]
  [15 23 26]
  [16 24 28]
  ...
  [ 2 12 13]
  [ 3 12 13]
  [ 2 12 13]]

 [[14 22 25]
  [14 22 26]
  [15 23 27]
  ...
  [ 3 12 13]
  [ 3 12 13]
  [ 2 12 13]]

 ...

 [[20 29 35]
  [20 29 36]
  [21 29 36]
  ...
  [11 16 17]
  [11 16 17]
  [11 16 17]]

 [[ 6 15 22]
  [ 7 16 22]
  [ 8 16 22]
  ...
  [11 16 17]
  [11 16 17]
  [11 16 17]]

 [[ 1 10 17]
  [ 2 11 17]
  [ 3 11 17]
  ...
  [11 16 17]
  [11 16 17]
  [11 16 17]]]"
70,"[[[31 28 24]
  [35 32 29]
  [46 43 39]
  ...
  [29 44 28]
  [30 44 28]
  [30 44 28]]

 [[31 28 25]
  [35 32 29]
  [46 43 39]
  ...
  [30 45 29]
  [30 45 29]
  [30 45 28]]

 [[32 29 25]
  [36 33 29]
  [46 43 39]
  ...
  [31 46 29]
  [30 46 29]
  [30 46 29]]

 ...

 [[24 25 20]
  [24 25 20]
  [24 25 20]
  ...
  [25 28 22]
  [25 28 22]
  [25 28 22]]

 [[23 24 20]
  [23 24 20]
  [23 24 20]
  ...
  [25 28 21]
  [25 28 21]
  [25 28 21]]

 [[23 24 20]
  [23 24 20]
  [23 24 20]
  ...
  [24 27 21]
  [24 27 21]
  [24 27 21]]]"
71,"[[[ 7 16 13]
  [ 5 14 11]
  [ 3 12  9]
  ...
  [16 24 21]
  [16 24 21]
  [16 24 21]]

 [[ 8 17 14]
  [ 6 14 11]
  [ 4 12  9]
  ...
  [17 24 21]
  [17 24 21]
  [17 24 21]]

 [[ 9 19 15]
  [ 6 16 12]
  [ 4 12  9]
  ...
  [17 25 22]
  [17 25 22]
  [17 25 22]]

 ...

 [[24 31 37]
  [24 30 37]
  [24 31 37]
  ...
  [12 21 16]
  [11 20 14]
  [10 19 14]]

 [[11 17 24]
  [11 17 23]
  [11 17 23]
  ...
  [12 20 15]
  [11 20 14]
  [11 19 14]]

 [[ 5 12 18]
  [ 5 12 18]
  [ 5 11 18]
  ...
  [12 21 15]
  [11 20 14]
  [10 19 14]]]"
72,"[[[ 8 18 29]
  [ 7 17 29]
  [ 7 17 28]
  ...
  [ 1 15 16]
  [ 1 15 15]
  [ 1 15 16]]

 [[ 8 18 29]
  [ 7 18 29]
  [ 7 17 28]
  ...
  [ 1 16 16]
  [ 0 15 16]
  [ 1 15 16]]

 [[ 8 19 30]
  [ 7 18 30]
  [ 7 17 29]
  ...
  [ 1 16 17]
  [ 0 15 16]
  [ 0 14 16]]

 ...

 [[ 9 18 17]
  [ 9 18 17]
  [ 9 18 17]
  ...
  [17 21 23]
  [18 22 24]
  [18 22 25]]

 [[ 4 13 12]
  [ 4 13 12]
  [ 4 13 12]
  ...
  [16 20 23]
  [18 21 24]
  [18 22 24]]

 [[ 2 11  9]
  [ 2 11  9]
  [ 2 11  9]
  ...
  [17 20 23]
  [18 21 24]
  [18 21 24]]]"
73,"[[[22 38 47]
  [18 34 44]
  [16 32 41]
  ...
  [27 46 56]
  [26 45 55]
  [26 45 54]]

 [[23 39 49]
  [20 36 46]
  [17 33 43]
  ...
  [28 47 56]
  [27 46 55]
  [26 45 55]]

 [[25 40 51]
  [22 38 48]
  [18 34 45]
  ...
  [28 47 57]
  [27 46 56]
  [27 46 56]]

 ...

 [[ 8 23 24]
  [ 8 23 24]
  [ 8 23 24]
  ...
  [ 9 19 21]
  [ 9 20 22]
  [ 9 20 22]]

 [[ 8 22 23]
  [ 8 22 23]
  [ 8 22 23]
  ...
  [ 9 19 21]
  [ 9 19 21]
  [ 9 19 21]]

 [[ 8 22 23]
  [ 8 22 23]
  [ 8 22 23]
  ...
  [ 9 19 21]
  [ 9 19 21]
  [ 9 19 21]]]"
74,"[[[15 13 13]
  [18 16 16]
  [22 20 20]
  ...
  [16 14 15]
  [13 10 11]
  [13 10 11]]

 [[15 13 13]
  [19 16 17]
  [22 20 20]
  ...
  [16 14 15]
  [13 10 11]
  [13 10 11]]

 [[16 13 13]
  [19 17 17]
  [23 20 21]
  ...
  [17 14 15]
  [13 10 11]
  [13 10 11]]

 ...

 [[ 7 23 29]
  [14 30 37]
  [21 39 46]
  ...
  [19 28 35]
  [13 23 30]
  [13 23 30]]

 [[ 7 22 29]
  [14 30 36]
  [20 38 45]
  ...
  [19 28 36]
  [14 23 30]
  [13 23 30]]

 [[ 7 22 28]
  [13 29 36]
  [20 38 44]
  ...
  [20 28 35]
  [14 23 30]
  [13 23 30]]]"
75,"[[[16 14 14]
  [20 17 18]
  [23 20 21]
  ...
  [22 20 21]
  [19 16 17]
  [15 13 14]]

 [[17 14 14]
  [20 18 18]
  [23 21 21]
  ...
  [23 20 21]
  [19 17 18]
  [15 13 14]]

 [[17 14 14]
  [20 18 18]
  [23 21 21]
  ...
  [23 21 22]
  [20 17 18]
  [16 13 14]]

 ...

 [[10 26 32]
  [18 34 40]
  [24 41 48]
  ...
  [28 39 49]
  [23 33 41]
  [16 25 33]]

 [[10 25 31]
  [17 33 39]
  [23 40 46]
  ...
  [28 40 49]
  [23 33 41]
  [16 26 33]]

 [[10 25 31]
  [17 33 39]
  [22 39 46]
  ...
  [28 39 48]
  [23 33 41]
  [16 26 33]]]"
